102.71,275.78,28.326,1
54.694,287.52,15.341,0.99996
63.61,285.09,17.457,0.99991
69.833,283.49,18.893,0.99985
74.126,282.42,19.857,0.9998
77.216,281.67,20.54,0.99975
79.318,281.16,20.994,0.9997
80.717,280.83,21.288,0.99965
81.766,280.58,21.509,0.9996
82.438,280.42,21.646,0.99955
82.861,280.32,21.729,0.9995
83.133,280.25,21.781,0.99945
83.304,280.21,21.812,0.9994
84.088,280.03,22.004,0.99935
86.157,279.54,22.522,0.9993
88.214,279.06,23.026,0.99925
88.742,278.94,23.139,0.9992
90.147,278.62,23.477,0.99915
91.365,278.34,23.764,0.9991
91.95,278.2,23.893,0.99905
90.745,278.48,23.578,0.999
89.315,278.81,23.216,0.99895
88.108,279.09,22.917,0.99889
88.544,278.99,23.035,0.99884
87.902,279.14,22.877,0.99879
90.339,278.57,23.495,0.99874
89.907,278.67,23.379,0.99869
91.366,278.34,23.741,0.99864
91.895,278.22,23.864,0.99859
92.171,278.15,23.924,0.99854
92.42,278.1,23.98,0.99849
91.736,278.25,23.803,0.99844
91.097,278.4,23.643,0.99839
90.565,278.52,23.513,0.99834
90.182,278.61,23.422,0.99829
88.771,278.94,23.072,0.99824
86.594,279.44,22.534,0.99819
70.524,283.32,18.444,0.99814
56.207,287.1,14.77,0.99809
52.627,288.11,13.926,0.99804
54.154,287.67,14.418,0.99799
54.642,287.54,14.595,0.99794
49.107,289.14,13.143,0.99789
47.059,289.77,12.629,0.99784
52.783,288.07,14.199,0.99779
63.953,285,17.154,0.99774
70.954,283.21,18.934,0.99769
70.956,283.21,18.877,0.99764
71.176,283.16,18.897,0.99758
74.536,282.32,19.74,0.99753
78.29,281.41,20.673,0.99748
77.443,281.61,20.421,0.99743
71.729,283.02,18.933,0.99738
68.251,283.89,18.046,0.99733
73.798,282.5,19.503,0.99728
77.258,281.66,20.383,0.99723
78.322,281.4,20.634,0.99718
78.861,281.27,20.753,0.99713
80.216,280.95,21.085,0.99708
80.639,280.85,21.178,0.99703
84.56,279.92,22.163,0.99698
83.169,280.24,21.785,0.99693
83.435,280.18,21.843,0.99688
82.478,280.41,21.592,0.99683
84.246,279.99,22.04,0.99678
84.106,280.02,21.996,0.99673
82.897,280.31,21.685,0.99668
82.733,280.35,21.646,0.99663
86.294,279.51,22.55,0.99657
88.257,279.05,23.03,0.99652
89.454,278.78,23.313,0.99647
90.205,278.6,23.483,0.99642
90.512,278.53,23.545,0.99637
90.084,278.63,23.426,0.99632
89.16,278.85,23.189,0.99627
88.67,278.96,23.067,0.99622
88.833,278.92,23.111,0.99617
89.08,278.86,23.174,0.99612
88.482,279,23.024,0.99607
86.419,279.48,22.507,0.99602
79.944,281.01,20.876,0.99597
78.546,281.35,20.556,0.99592
69.758,283.51,18.323,0.99587
77.448,281.61,20.362,0.99582
77.589,281.58,20.402,0.99577
72.468,282.83,19.086,0.99572
73.727,282.52,19.434,0.99567
72.416,282.85,19.105,0.99561
74.955,282.22,19.771,0.99556
58.1,286.57,15.37,0.99551
47.703,289.57,12.659,0.99546
45.037,290.39,12.019,0.99542
46.332,289.99,12.435,0.99537
55.196,287.38,14.847,0.99532
59.836,286.1,16.067,0.99527
60.595,285.89,16.244,0.99522
63.006,285.25,16.863,0.99517
66.895,284.24,17.857,0.99512
69.278,283.63,18.445,0.99507
70.828,283.24,18.819,0.99502
71.656,283.04,19.005,0.99497
72.222,282.89,19.13,0.99492
72.58,282.81,19.207,0.99487
72.808,282.75,19.255,0.99482
72.931,282.72,19.278,0.99477
72.994,282.7,19.288,0.99471
72.998,282.7,19.285,0.99466
72.975,282.71,19.277,0.99461
72.904,282.72,19.257,0.99456
72.866,282.73,19.247,0.99451
72.757,282.76,19.218,0.99446
72.708,282.77,19.206,0.99441
72.579,282.81,19.173,0.99436
72.525,282.82,19.16,0.99431
72.431,282.84,19.137,0.99426
72.332,282.87,19.112,0.99421
72.243,282.89,19.09,0.99416
72.134,282.92,19.063,0.99411
72.041,282.94,19.04,0.99406
71.936,282.97,19.014,0.99401
71.839,282.99,18.99,0.99396
71.734,283.02,18.964,0.99391
71.638,283.04,18.94,0.99386
71.533,283.07,18.914,0.99381
71.436,283.09,18.89,0.99375
71.341,283.11,18.867,0.9937
71.238,283.14,18.841,0.99365
71.123,283.17,18.812,0.9936
71.01,283.2,18.784,0.99355
70.938,283.21,18.767,0.9935
70.809,283.25,18.735,0.99345
70.743,283.26,18.719,0.9934
70.616,283.3,18.687,0.99335
70.548,283.31,18.671,0.9933
70.425,283.34,18.64,0.99325
70.355,283.36,18.623,0.9932
70.225,283.39,18.59,0.99315
70.163,283.41,18.575,0.9931
70.056,283.44,18.548,0.99305
70.922,283.22,18.776,0.993
76.376,281.87,20.19,0.99295
81.454,280.65,21.464,0.9929
83.551,280.15,21.957,0.99285
83.068,280.27,21.797,0.99279
80.295,280.93,21.069,0.99274
79.948,281.01,20.978,0.99269
83.367,280.2,21.849,0.99264
85.196,279.77,22.297,0.99259
85.668,279.66,22.399,0.99254
84.844,279.85,22.176,0.99249
81.871,280.55,21.417,0.99244
74.194,282.41,19.462,0.99239
59.456,286.2,15.66,0.99234
48.942,289.19,12.945,0.99229
46.37,289.98,12.348,0.99224
50.203,288.82,13.452,0.99219
59.247,286.26,15.889,0.99214
66.733,284.28,17.839,0.99209
71.85,282.99,19.13,0.99204
77.96,281.49,20.656,0.99199
80.37,280.91,21.215,0.99194
82.962,280.29,21.827,0.99189
82.944,280.3,21.78,0.99184
83.884,280.08,21.99,0.99179
84.433,279.95,22.108,0.99174
84.434,279.95,22.092,0.99169
83.166,280.25,21.76,0.99164
83.526,280.16,21.85,0.99159
85.79,279.63,22.421,0.99154
86.37,279.49,22.556,0.99149
83.838,280.09,21.906,0.99143
72.017,282.94,18.885,0.99138
55.471,287.3,14.603,0.99133
46.595,289.91,12.325,0.99128
44.451,290.58,11.841,0.99124
52.023,288.29,13.95,0.99119
62.791,285.31,16.823,0.99114
70.656,283.29,18.845,0.99109
76.908,281.74,20.407,0.99104
78.214,281.43,20.681,0.99099
75.005,282.21,19.813,0.99094
71.597,283.05,18.918,0.99088
69.592,283.55,18.404,0.99083
64.312,284.91,17.039,0.99078
54.801,287.49,14.557,0.99073
51.912,288.32,13.842,0.99068
50.922,288.61,13.623,0.99063
53.058,287.99,14.228,0.99058
54.891,287.46,14.73,0.99053
57.22,286.81,15.35,0.99048
58.784,286.39,15.756,0.99043
60.931,285.8,16.311,0.99038
61.613,285.62,16.475,0.99033
63.405,285.15,16.933,0.99028
64.222,284.93,17.132,0.99023
64.89,284.76,17.294,0.99018
65.883,284.5,17.543,0.99013
66.223,284.41,17.621,0.99008
66.311,284.39,17.635,0.99003
68.05,283.94,18.083,0.98997
68.462,283.84,18.18,0.98992
70.604,283.3,18.728,0.98987
71.355,283.11,18.909,0.98982
73.949,282.47,19.567,0.98977
78.248,281.42,20.654,0.98972
79.244,281.18,20.878,0.98967
81.352,280.68,21.391,0.98962
83.32,280.21,21.866,0.98957
83.912,280.07,21.991,0.98952
84.36,279.96,22.085,0.98947
85.761,279.64,22.425,0.98942
85.657,279.66,22.383,0.98937
85.066,279.8,22.224,0.98932
84.276,279.98,22.021,0.98927
83.684,280.12,21.872,0.98922
84.799,279.86,22.158,0.98917
85.764,279.63,22.4,0.98912
86.279,279.51,22.523,0.98907
86.456,279.47,22.562,0.98902
86.27,279.52,22.509,0.98896
85.646,279.66,22.35,0.98891
84.787,279.86,22.134,0.98886
82.374,280.43,21.527,0.98881
81.93,280.54,21.429,0.98876
80.814,280.8,21.156,0.98871
81.263,280.7,21.282,0.98866
82.213,280.47,21.53,0.98861
81.794,280.57,21.422,0.98856
81.861,280.55,21.441,0.98851
81.372,280.67,21.317,0.98846
80.594,280.86,21.122,0.98841
77.432,281.62,20.319,0.98836
72.916,282.72,19.174,0.98831
57.73,286.67,15.234,0.98826
48.641,289.28,12.888,0.98821
46.385,289.97,12.363,0.98816
50.954,288.6,13.655,0.98811
58.034,286.59,15.565,0.98806
56.325,287.06,15.1,0.98801
48.946,289.19,13.126,0.98796
41.494,291.53,11.133,0.98791
39.485,292.21,10.625,0.98787
42.187,291.31,11.396,0.98783
39.8,292.1,10.757,0.98779
40.332,291.92,10.918,0.98775
41.161,291.64,11.153,0.98771
38.224,292.64,10.352,0.98767
37.287,292.97,10.105,0.98763
40.936,291.72,11.116,0.98759
49.021,289.17,13.302,0.98754
54.819,287.49,14.824,0.98749
54.442,287.59,14.683,0.98744
54.499,287.58,14.673,0.98739
57.373,286.77,15.421,0.98734
60.808,285.84,16.308,0.98729
59.875,286.09,16.035,0.98724
54.948,287.45,14.717,0.98719
56.512,287.01,15.143,0.98714
64.36,284.9,17.214,0.98709
71.663,283.03,19.088,0.98704
74.937,282.22,19.885,0.98699
77.019,281.72,20.375,0.98694
78.56,281.34,20.732,0.98688
80.82,280.8,21.277,0.98683
82.271,280.46,21.614,0.98678
83.066,280.27,21.79,0.98673
83.503,280.17,21.88,0.98668
83.04,280.27,21.748,0.98663
83.914,280.07,21.962,0.98658
83.104,280.26,21.748,0.98653
83.245,280.23,21.782,0.98648
75.385,282.11,19.773,0.98643
68.467,283.84,18.018,0.98638
67.73,284.03,17.877,0.98633
53.006,288,14.029,0.98628
44.055,290.7,11.698,0.98623
41.751,291.45,11.153,0.98619
38.451,292.56,10.31,0.98615
37.665,292.83,10.143,0.98611
35.154,293.73,9.4839,0.98607
37.031,293.06,10.032,0.98604
47.895,289.51,13.003,0.98599
66.731,284.28,17.973,0.98594
72.844,282.74,19.473,0.98589
76.036,281.95,20.212,0.98584
78.292,281.41,20.722,0.98579
79.919,281.02,21.085,0.98574
81.034,280.75,21.328,0.98569
81.848,280.56,21.504,0.98564
82.437,280.42,21.629,0.98558
82.777,280.34,21.698,0.98553
79.274,281.17,20.794,0.98548
66.052,284.46,17.387,0.98543
57.69,286.68,15.248,0.98538
58.444,286.48,15.519,0.98533
60.638,285.88,16.142,0.98528
64.857,284.77,17.269,0.98523
67.483,284.09,17.951,0.98518
70.098,283.43,18.617,0.98513
69.963,283.46,18.563,0.98508
68.291,283.88,18.116,0.98503
65.954,284.48,17.505,0.98498
61.936,285.54,16.461,0.98493
57.525,286.73,15.317,0.98488
54.16,287.67,14.453,0.98483
48.52,289.32,12.974,0.98478
47.147,289.74,12.645,0.98473
50.523,288.72,13.584,0.98468
55.45,287.31,14.909,0.98463
59.187,286.28,15.887,0.98458
58.151,286.56,15.591,0.98453
57.446,286.75,15.393,0.98448
55.56,287.28,14.888,0.98443
51.689,288.38,13.858,0.98437
48.752,289.25,13.087,0.98432
46.681,289.88,12.55,0.98428
47.504,289.63,12.793,0.98423
48.095,289.45,12.963,0.98418
45.689,290.19,12.318,0.98413
44.115,290.68,11.902,0.98409
44.746,290.48,12.087,0.98404
52.729,288.08,14.241,0.98399
52.653,288.1,14.197,0.98394
57.621,286.7,15.504,0.98389
54.999,287.43,14.779,0.98384
56.413,287.04,15.147,0.98379
59.058,286.31,15.837,0.98374
57.81,286.65,15.49,0.98369
57.918,286.62,15.513,0.98364
46.592,289.91,12.48,0.98359
45.384,290.28,12.193,0.98354
53.4,287.89,14.376,0.98349
55.73,287.23,14.987,0.98344
54.026,287.71,14.518,0.98339
56.124,287.12,15.072,0.98334
55.337,287.34,14.853,0.98329
55.831,287.2,14.981,0.98324
56.983,286.88,15.282,0.98319
58.639,286.42,15.715,0.98314
61.715,285.59,16.517,0.98309
68.3,283.88,18.224,0.98304
73.026,282.69,19.413,0.98299
74.837,282.25,19.836,0.98294
69.225,283.65,18.348,0.98289
65.599,284.57,17.401,0.98284
64.3,284.91,17.076,0.98279
67.938,283.97,18.041,0.98274
64.031,284.98,17.015,0.98269
65.528,284.59,17.419,0.98263
66.258,284.4,17.612,0.98258
65.103,284.7,17.308,0.98253
62.985,285.26,16.756,0.98248
61.178,285.74,16.291,0.98243
60.599,285.89,16.152,0.98238
60.236,285.99,16.067,0.98233
60.638,285.88,16.182,0.98228
61.89,285.55,16.516,0.98223
61.361,285.69,16.374,0.98218
59.241,286.26,15.815,0.98213
52.998,288,14.165,0.98208
47.801,289.54,12.799,0.98203
47.308,289.69,12.703,0.98198
49.083,289.15,13.206,0.98193
51.483,288.44,13.861,0.98188
53.762,287.79,14.467,0.98183
56.293,287.07,15.132,0.98178
57.492,286.74,15.434,0.98173
59.547,286.18,15.964,0.98168
62.841,285.3,16.815,0.98163
66.415,284.36,17.728,0.98158
64.764,284.79,17.267,0.98153
61.759,285.58,16.465,0.98148
56.144,287.11,14.984,0.98143
47.114,289.75,12.59,0.98138
43.134,291,11.561,0.98133
43.701,290.82,11.76,0.98129
46.089,290.06,12.434,0.98124
48.624,289.29,13.127,0.98119
50.21,288.82,13.549,0.98114
51.681,288.38,13.934,0.98109
52.372,288.18,14.108,0.98104
52.451,288.16,14.12,0.98099
52.71,288.09,14.183,0.98094
53.057,287.99,14.271,0.98089
53.35,287.9,14.345,0.98084
53.79,287.78,14.459,0.98079
54.118,287.68,14.542,0.98074
54.222,287.65,14.565,0.98069
54.33,287.62,14.591,0.98064
54.317,287.63,14.585,0.98059
54.38,287.61,14.601,0.98054
54.324,287.63,14.584,0.98049
54.455,287.59,14.619,0.98044
55.198,287.38,14.817,0.98039
57.811,286.65,15.513,0.98033
61.929,285.54,16.593,0.98028
66.705,284.29,17.825,0.98023
70.878,283.23,18.877,0.98018
73.047,282.69,19.395,0.98013
74.236,282.4,19.665,0.98008
70.281,283.38,18.614,0.98003
62.364,285.42,16.545,0.97998
56.723,286.95,15.085,0.97993
50.514,288.73,13.469,0.97988
48.57,289.31,12.996,0.97983
48.829,289.23,13.104,0.97978
48.025,289.47,12.911,0.97973
47.173,289.73,12.699,0.97968
47.176,289.73,12.713,0.97964
49.241,289.1,13.278,0.97959
52.111,288.26,14.047,0.97954
53.996,287.72,14.539,0.97949
54.948,287.45,14.778,0.97943
55.82,287.2,14.998,0.97938
56.566,287,15.185,0.97933
59.266,286.25,15.891,0.97928
62.199,285.47,16.649,0.97923
62.678,285.34,16.753,0.97918
59.464,286.2,15.89,0.97913
56.046,287.14,14.986,0.97908
51.623,288.4,13.82,0.97903
51.516,288.43,13.816,0.97898
53.211,287.94,14.286,0.97893
55.482,287.3,14.896,0.97888
58.309,286.51,15.642,0.97883
63.733,285.06,17.059,0.97878
70.275,283.38,18.736,0.97873
71.519,283.07,19.011,0.97868
72.801,282.75,19.307,0.97863
72.994,282.7,19.33,0.97858
63.633,285.09,16.875,0.97853
56.074,287.13,14.906,0.97847
52.728,288.08,14.059,0.97842
53.362,287.9,14.27,0.97837
55.533,287.28,14.873,0.97832
53.221,287.94,14.265,0.97827
47.077,289.76,12.628,0.97822
41.424,291.56,11.124,0.97818
37.601,292.86,10.116,0.97814
35.791,293.5,9.6552,0.9781
36.175,293.36,9.7928,0.97807
39.221,292.3,10.652,0.97803
44.084,290.69,11.981,0.97799
47.471,289.64,12.882,0.97794
49.271,289.1,13.342,0.97789
50.206,288.82,13.571,0.97784
50.849,288.63,13.725,0.97779
51.282,288.5,13.828,0.97774
51.571,288.42,13.895,0.97769
51.734,288.37,13.931,0.97764
51.896,288.32,13.969,0.97759
51.964,288.3,13.984,0.97754
51.973,288.3,13.983,0.97749
52.036,288.28,13.998,0.97744
52.037,288.28,13.997,0.97739
51.988,288.3,13.983,0.97734
52.016,288.29,13.99,0.97729
51.993,288.29,13.984,0.97724
51.929,288.31,13.967,0.97719
51.944,288.31,13.971,0.97713
51.913,288.32,13.963,0.97708
51.843,288.34,13.944,0.97703
51.855,288.33,13.947,0.97698
51.82,288.34,13.938,0.97693
51.751,288.36,13.92,0.97688
51.76,288.36,13.923,0.97683
51.725,288.37,13.914,0.97678
51.653,288.39,13.894,0.97673
51.663,288.39,13.898,0.97668
51.627,288.4,13.888,0.97663
51.559,288.42,13.87,0.97658
51.566,288.42,13.873,0.97653
51.53,288.43,13.863,0.97648
51.462,288.45,13.845,0.97643
51.47,288.45,13.848,0.97638
51.433,288.46,13.838,0.97633
51.367,288.48,13.821,0.97628
51.375,288.47,13.823,0.97623
51.337,288.49,13.813,0.97617
51.273,288.5,13.797,0.97612
51.282,288.5,13.799,0.97607
51.244,288.51,13.79,0.97602
51.181,288.53,13.773,0.97597
51.19,288.53,13.776,0.97592
51.153,288.54,13.766,0.97587
51.09,288.56,13.749,0.97582
51.098,288.55,13.752,0.97577
51.061,288.57,13.742,0.97572
50.998,288.58,13.726,0.97567
51.008,288.58,13.729,0.97562
50.972,288.59,13.719,0.97557
50.909,288.61,13.703,0.97552
50.918,288.61,13.705,0.97547
50.881,288.62,13.696,0.97542
50.818,288.64,13.679,0.97537
50.829,288.63,13.682,0.97532
50.794,288.64,13.673,0.97526
50.731,288.66,13.657,0.97521
50.74,288.66,13.66,0.97516
50.704,288.67,13.65,0.97511
50.643,288.69,13.634,0.97506
50.654,288.69,13.637,0.97501
50.62,288.7,13.628,0.97496
50.56,288.71,13.612,0.97491
50.569,288.71,13.615,0.97486
50.533,288.72,13.606,0.97481
50.471,288.74,13.589,0.97476
50.485,288.74,13.594,0.97471
50.454,288.74,13.585,0.97466
50.388,288.76,13.568,0.97461
50.402,288.76,13.572,0.97456
50.372,288.77,13.564,0.97451
50.391,288.76,13.57,0.97446
51.513,288.43,13.873,0.97441
56.737,286.95,15.27,0.97435
63.729,285.06,17.101,0.9743
67.385,284.11,18.014,0.97425
69.175,283.66,18.439,0.9742
63.912,285.01,17.028,0.97415
57.017,286.87,15.205,0.9741
52.809,288.06,14.109,0.97405
49.768,288.95,13.325,0.974
48.252,289.4,12.948,0.97395
46.416,289.96,12.477,0.9739
43.355,290.93,11.671,0.97386
40.843,291.75,11.013,0.97382
41.267,291.61,11.156,0.97378
44.158,290.67,11.958,0.97373
46.604,289.91,12.618,0.97369
47.851,289.52,12.944,0.97364
48.522,289.32,13.114,0.97359
48.928,289.2,13.213,0.97354
49.164,289.13,13.268,0.97349
49.369,289.07,13.317,0.97344
49.783,288.94,13.425,0.97339
51.198,288.53,13.802,0.97334
52.5,288.15,14.145,0.97329
56.149,287.11,15.112,0.97324
63.491,285.12,17.036,0.97319
64.962,284.74,17.371,0.97314
66.657,284.3,17.776,0.97309
64.229,284.93,17.116,0.97304
56.836,286.92,15.16,0.97299
54.496,287.58,14.561,0.97294
50.769,288.65,13.588,0.97289
46.842,289.83,12.56,0.97284
42.608,291.17,11.445,0.97279
43.84,290.77,11.815,0.97275
44.635,290.52,12.049,0.9727
46.026,290.08,12.435,0.97266
46.296,290,12.509,0.97261
47.076,289.76,12.718,0.97256
48.236,289.41,13.028,0.97252
47.887,289.51,12.928,0.97247
48.608,289.29,13.119,0.97242
49.344,289.07,13.313,0.97237
50.127,288.84,13.519,0.97232
50.974,288.59,13.74,0.97227
52.216,288.23,14.066,0.97222
53.338,287.91,14.358,0.97217
58.726,286.4,15.782,0.97212
54.513,287.57,14.637,0.97207
52.469,288.16,14.089,0.97201
52.113,288.26,14,0.97196
46.333,289.99,12.451,0.97192
39.86,292.08,10.719,0.97188
42.167,291.31,11.391,0.97183
46.549,289.92,12.602,0.97179
47.156,289.74,12.756,0.97174
47.711,289.57,12.897,0.97169
48.082,289.45,12.989,0.97165
48.327,289.38,13.049,0.9716
48.506,289.33,13.092,0.97155
48.636,289.29,13.123,0.9715
48.666,289.28,13.128,0.97145
48.725,289.26,13.142,0.9714
48.734,289.26,13.143,0.97135
48.752,289.25,13.147,0.9713
48.774,289.24,13.152,0.97125
48.732,289.26,13.14,0.9712
48.721,289.26,13.137,0.97115
48.765,289.25,13.149,0.97111
48.699,289.27,13.131,0.97106
48.697,289.27,13.131,0.97101
48.704,289.27,13.133,0.97096
48.64,289.28,13.116,0.97091
48.624,289.29,13.112,0.97086
48.615,289.29,13.109,0.97081
48.578,289.3,13.1,0.97076
48.617,289.29,13.11,0.97071
48.542,289.31,13.09,0.97066
48.521,289.32,13.085,0.97061
48.501,289.33,13.079,0.97056
48.48,289.33,13.074,0.97052
48.516,289.32,13.084,0.97047
48.449,289.34,13.066,0.97042
48.447,289.34,13.066,0.97037
48.408,289.35,13.055,0.97032
48.397,289.36,13.053,0.97027
48.4,289.36,13.054,0.97022
48.348,289.37,13.04,0.97017
48.586,289.3,13.104,0.97012
48.97,289.19,13.208,0.97007
51.532,288.43,13.898,0.97002
57.566,286.72,15.503,0.96997
62.857,285.29,16.874,0.96992
62.426,285.41,16.709,0.96987
62.819,285.3,16.789,0.96982
63.315,285.17,16.903,0.96977
63.635,285.09,16.974,0.96972
63.89,285.02,17.032,0.96967
64.156,284.95,17.095,0.96962
64.264,284.92,17.118,0.96957
64.781,284.79,17.248,0.96952
63.576,285.1,16.928,0.96947
57.232,286.81,15.257,0.96942
57.226,286.81,15.281,0.96937
55.471,287.3,14.831,0.96932
52.637,288.11,14.092,0.96927
47.675,289.58,12.78,0.96922
43.798,290.79,11.762,0.96917
43.448,290.9,11.699,0.96913
47.325,289.68,12.772,0.96908
51.496,288.44,13.895,0.96903
55.251,287.36,14.884,0.96898
59.61,286.16,16.018,0.96893
60.919,285.81,16.332,0.96888
59.589,286.17,15.957,0.96883
56.914,286.9,15.237,0.96878
56.629,286.98,15.165,0.96873
57.459,286.75,15.388,0.96867
61.564,285.64,16.472,0.96862
64.303,284.91,17.176,0.96857
66.677,284.3,17.776,0.96852
66.258,284.4,17.642,0.96847
66.968,284.22,17.813,0.96842
67.814,284,18.024,0.96837
64.642,284.82,17.185,0.96832
60.68,285.87,16.15,0.96827
58.66,286.42,15.635,0.96822
56.666,286.97,15.127,0.96817
57.107,286.85,15.265,0.96812
61.952,285.53,16.556,0.96807
64.858,284.77,17.307,0.96802
66.248,284.41,17.653,0.96797
63.302,285.17,16.864,0.96792
63.696,285.07,16.968,0.96787
63.706,285.07,16.969,0.96782
63.728,285.06,16.974,0.96777
62.815,285.3,16.734,0.96771
59.293,286.25,15.809,0.96766
49.815,288.93,13.299,0.96761
39.626,292.16,10.58,0.96757
35.921,293.45,9.6241,0.96753
34.536,293.96,9.2932,0.9675
31.169,295.25,8.3959,0.96746
29.331,295.99,7.916,0.96743
28.481,296.34,7.7045,0.9674
29.884,295.76,8.1165,0.96737
31.546,295.1,8.5884,0.96734
29.376,295.97,7.9838,0.96731
28.023,296.53,7.6113,0.96728
28.205,296.46,7.6708,0.96725
29.38,295.97,8.0057,0.96722
35.88,293.47,9.8099,0.96719
40.232,291.95,10.985,0.96715
45.802,290.15,12.474,0.96711
50.709,288.67,13.763,0.96706
58.14,286.56,15.699,0.96701
59.871,286.09,16.101,0.96696
58.908,286.35,15.807,0.9669
59.451,286.2,15.93,0.96685
64.067,284.97,17.133,0.9668
65.239,284.67,17.412,0.96675
65.252,284.66,17.391,0.9667
64.97,284.74,17.303,0.96665
60.18,286.01,16.037,0.9666
58.615,286.43,15.638,0.96655
44.234,290.65,11.8,0.9665
36.18,293.36,9.6579,0.96646
33.216,294.45,8.9031,0.96643
31.159,295.25,8.3822,0.9664
30.957,295.33,8.3649,0.96636
36.916,293.1,10.039,0.96633
36.261,293.33,9.857,0.96629
44.787,290.47,12.188,0.96625
54.257,287.64,14.708,0.9662
57.843,286.64,15.613,0.96615
58.551,286.45,15.754,0.9661
62.152,285.48,16.673,0.96605
61.645,285.61,16.505,0.966
58.342,286.51,15.612,0.96595
55.475,287.3,14.85,0.96589
58.465,286.47,15.654,0.96584
59.081,286.3,15.813,0.96579
57.776,286.66,15.462,0.96574
48.284,289.39,12.927,0.96569
36.097,293.39,9.642,0.96565
37.027,293.06,9.9607,0.96562
35.638,293.55,9.6151,0.96558
40.042,292.02,10.853,0.96554
43.374,290.92,11.765,0.9655
45.835,290.14,12.424,0.96545
47.487,289.63,12.857,0.9654
47.629,289.59,12.88,0.96535
44.059,290.7,11.904,0.96531
40.49,291.87,10.938,0.96527
38.428,292.57,10.389,0.96523
39.717,292.13,10.76,0.96519
43.456,290.89,11.786,0.96514
49.647,288.98,13.452,0.9651
56.723,286.95,15.32,0.96505
59.537,286.18,16.02,0.965
54.759,287.5,14.714,0.96494
48.517,289.32,13.035,0.96489
40.497,291.86,10.878,0.96485
36.543,293.23,9.8333,0.96481
41.128,291.65,11.127,0.96477
45.828,290.15,12.413,0.96473
49.513,289.02,13.398,0.96468
54.843,287.48,14.806,0.96463
56.077,287.13,15.104,0.96458
56.839,286.92,15.281,0.96453
57.44,286.75,15.421,0.96448
57.455,286.75,15.411,0.96443
61.192,285.73,16.391,0.96438
59.869,286.09,16.018,0.96432
58.015,286.6,15.52,0.96427
58.343,286.51,15.608,0.96422
59.48,286.2,15.908,0.96417
61.906,285.54,16.545,0.96412
58.23,286.54,15.563,0.96407
56.459,287.03,15.1,0.96402
56.969,286.88,15.247,0.96397
56.843,286.92,15.219,0.96392
57.055,286.86,15.278,0.96387
57.2,286.82,15.318,0.96382
57.904,286.63,15.506,0.96377
57.095,286.85,15.289,0.96372
56.088,287.13,15.023,0.96367
60.599,285.89,16.222,0.96362
60.846,285.83,16.274,0.96357
59.735,286.13,15.97,0.96352
20.778,299.95,5.2839,0.96348
14.326,303.84,3.558,0.96347
10.067,307.25,2.4122,0.96345
7.1713,310.3,1.6264,0.96344
42.827,291.1,11.773,0.96341
48.551,289.31,13.262,0.96336
52.451,288.16,14.249,0.96331
53.076,287.98,14.363,0.96326
16.023,302.7,4.0656,0.96324
11.197,306.25,2.7488,0.96322
7.9245,309.42,1.8503,0.96321
5.731,312.21,1.2447,0.9632
4.2298,314.64,0.82715,0.9632
3.2309,316.66,0.54819,0.96319
2.5832,318.23,0.36728,0.96319
2.1385,319.47,0.24237,0.96319
1.8495,320.37,0.16139,0.96318
1.6467,321.06,0.10416,0.96318
1.5208,321.51,0.068974,0.96318
1.4497,321.78,0.049611,0.96318
1.3881,322.01,0.032222,0.96317
1.3507,322.16,0.021813,0.96317
1.3214,322.28,0.013512,0.96317
39.096,292.34,10.874,0.96314
45.816,290.15,12.614,0.96309
51.976,288.3,14.192,0.96305
55.076,287.41,14.942,0.963
52.834,288.05,14.281,0.96294
53.928,287.74,14.544,0.96289
54.601,287.55,14.701,0.96284
55.393,287.32,14.896,0.96279
55.113,287.4,14.807,0.96274
55.589,287.27,14.926,0.96269
55.804,287.21,14.977,0.96264
55.647,287.25,14.93,0.96259
56.038,287.14,15.031,0.96254
56.15,287.11,15.058,0.96249
57.564,286.72,15.43,0.96244
59.51,286.19,15.938,0.96239
61.653,285.61,16.492,0.96234
60.59,285.9,16.197,0.96229
59.352,286.23,15.864,0.96224
60,286.06,16.036,0.96219
62.302,285.44,16.64,0.96214
61.39,285.68,16.391,0.96209
58.721,286.4,15.683,0.96204
57.846,286.64,15.46,0.96198
57.974,286.61,15.502,0.96193
59.007,286.32,15.781,0.96188
59.114,286.29,15.809,0.96183
19.55,300.61,4.957,0.96181
13.55,304.4,3.3513,0.96179
9.5125,307.77,2.2624,0.96178
6.7872,310.78,1.5216,0.96177
4.9692,313.37,1.0243,0.96176
3.7517,315.56,0.68933,0.96175
2.9232,317.38,0.45975,0.96175
2.3844,318.76,0.31037,0.96175
2.0173,319.84,0.20808,0.96174
38.822,292.43,10.782,0.96171
43.195,290.98,11.889,0.96167
46.887,289.82,12.821,0.96163
49.247,289.1,13.399,0.96158
54.688,287.52,14.809,0.96153
53.542,287.85,14.455,0.96148
16.898,302.15,4.2956,0.96145
11.76,305.78,2.8978,0.96144
8.2975,309.01,1.9497,0.96143
5.9784,311.85,1.3111,0.96142
4.4155,314.31,0.87812,0.96141
3.3786,316.34,0.58978,0.96141
2.6793,317.98,0.39441,0.9614
2.2147,319.25,0.26436,0.9614
1.8989,320.21,0.17562,0.9614
1.6933,320.9,0.118,0.96139
1.553,321.39,0.078576,0.96139
1.4595,321.74,0.052306,0.96139
1.3961,321.98,0.03451,0.96139
40.864,291.74,11.358,0.96135
46.812,289.84,12.874,0.96131
50.692,288.67,13.832,0.96126
53.104,287.97,14.409,0.96121
56.938,286.89,15.38,0.96116
58.233,286.54,15.676,0.96111
59.089,286.3,15.867,0.96106
60.149,286.01,16.121,0.96101
56.833,286.92,15.223,0.96096
55.767,287.22,14.939,0.96091
55.863,287.19,14.968,0.96086
59.599,286.16,15.961,0.96081
56.537,287,15.139,0.96076
56.348,287.06,15.092,0.96071
56.693,286.96,15.188,0.96065
56.21,287.09,15.06,0.9606
55.765,287.22,14.944,0.96055
57.057,286.86,15.291,0.9605
58.533,286.45,15.68,0.96045
57.697,286.68,15.451,0.9604
58.606,286.43,15.691,0.96035
59.168,286.28,15.834,0.9603
59.033,286.32,15.793,0.96025
59.677,286.14,15.961,0.9602
56.769,286.94,15.186,0.96015
55.959,287.16,14.979,0.9601
55.594,287.27,14.89,0.96005
56.924,286.9,15.251,0.96
58.844,286.37,15.758,0.95995
56.283,287.07,15.071,0.9599
58.319,286.51,15.616,0.95985
58.736,286.4,15.722,0.9598
59.065,286.31,15.805,0.95974
59.274,286.25,15.856,0.95969
57.951,286.61,15.503,0.95964
56.057,287.14,15.003,0.95959
55.678,287.24,14.911,0.95954
57.104,286.85,15.296,0.95949
55.23,287.37,14.797,0.95944
56.401,287.04,15.115,0.95939
59.558,286.17,15.952,0.95934
54.782,287.5,14.672,0.95929
54.525,287.57,14.615,0.95924
54.227,287.65,14.542,0.95919
58.591,286.44,15.707,0.95914
58.001,286.6,15.539,0.95909
54.578,287.55,14.623,0.95904
54.054,287.7,14.493,0.95899
56.679,286.96,15.199,0.95894
55.451,287.31,14.868,0.95889
18.483,301.21,4.6842,0.95886
12.83,304.93,3.1647,0.95884
9.0242,308.26,2.1343,0.95883
6.4689,311.19,1.4376,0.95882
4.7308,313.76,0.95983,0.95882
3.5628,315.95,0.63675,0.95881
2.8079,317.66,0.42779,0.95881
2.2896,319.03,0.28337,0.9588
1.9509,320.05,0.189,0.9588
37.381,292.93,10.387,0.95877
6.6783,310.92,1.5523,0.95876
4.8833,313.51,1.037,0.95875
39.261,292.28,10.865,0.95872
43.942,290.74,12.068,0.95868
47.677,289.58,13.015,0.95863
51.353,288.48,13.949,0.95858
52.468,288.16,14.2,0.95853
52.983,288.01,14.303,0.95848
16.756,302.24,4.2551,0.95846
11.654,305.87,2.8671,0.95844
8.2496,309.07,1.9361,0.95843
5.9362,311.91,1.2989,0.95842
4.3977,314.34,0.87313,0.95842
3.365,316.37,0.58594,0.95841
2.6682,318.01,0.39122,0.95841
2.2086,319.26,0.26264,0.9584
1.8963,320.22,0.17493,0.9584
1.6676,320.99,0.10999,0.9584
1.5326,321.47,0.072173,0.9584
1.4369,321.83,0.045207,0.95839
1.3775,322.05,0.028637,0.95839
1.3337,322.23,0.01628,0.95839
1.3075,322.33,0.0090126,0.95839
1.2875,322.41,0.0033634,0.95839
1.2759,322.46,0.00016387,0.95838
1.2668,322.5,-0.0024103,0.95838
1.2617,322.52,-0.0038246,0.95838
1.2575,322.53,-0.0049952,0.95838
36.747,293.16,10.228,0.95835
40.998,291.7,11.307,0.95831
44.352,290.61,12.151,0.95827
46.687,289.88,12.727,0.95822
52.343,288.19,14.204,0.95817
53.761,287.79,14.535,0.95812
51.581,288.41,13.917,0.95807
55.498,287.29,14.947,0.95802
55.992,287.16,15.055,0.95797
18.059,301.46,4.5875,0.95794
12.427,305.24,3.0632,0.95792
45.474,290.26,12.407,0.95788
50.22,288.81,13.647,0.95783
48.725,289.26,13.202,0.95779
50.153,288.83,13.563,0.95774
52.144,288.25,14.077,0.95769
16.507,302.4,4.1852,0.95766
11.477,306.01,2.8176,0.95765
8.1116,309.22,1.8969,0.95764
5.8552,312.03,1.276,0.95763
4.3325,314.46,0.85444,0.95762
3.3236,316.46,0.57408,0.95762
2.643,318.07,0.38405,0.95761
2.1899,319.32,0.25726,0.95761
1.883,320.26,0.17109,0.95761
1.682,320.94,0.11475,0.95761
1.5459,321.42,0.076547,0.9576
1.4547,321.76,0.050963,0.9576
1.3922,322,0.033384,0.9576
1.3529,322.15,0.022412,0.9576
1.3232,322.27,0.014021,0.9576
1.3066,322.33,0.0094283,0.95759
1.2933,322.39,0.0056962,0.95759
1.2846,322.42,0.003247,0.95759
1.2585,322.53,-0.0048186,0.95759
1.2599,322.52,-0.0042555,0.95759
1.2735,322.47,0.00017679,0.95758
1.2708,322.48,-0.0006085,0.95758
39.03,292.36,10.856,0.95755
45.126,290.36,12.426,0.95751
46.768,289.85,12.789,0.95746
12.86,304.91,3.2459,0.95744
8.9888,308.29,2.1675,0.95743
6.4542,311.21,1.4597,0.95742
4.7364,313.76,0.9777,0.95742
3.5753,315.92,0.65047,0.95741
2.8202,317.63,0.43765,0.95741
2.3071,318.98,0.29252,0.9574
1.957,320.03,0.19319,0.9574
1.7339,320.76,0.13024,0.9574
1.5786,321.3,0.086221,0.9574
37.685,292.83,10.477,0.95736
40.656,291.81,11.206,0.95732
45.219,290.34,12.385,0.95728
47.437,289.65,12.928,0.95724
48.405,289.36,13.144,0.95719
50.003,288.88,13.54,0.95714
54.893,287.46,14.823,0.95709
16.834,302.19,4.2773,0.95706
11.709,305.82,2.8831,0.95705
8.2564,309.06,1.9379,0.95704
5.9549,311.89,1.3044,0.95703
4.3849,314.36,0.86907,0.95702
3.3278,316.45,0.57431,0.95702
2.6536,318.05,0.38658,0.95701
2.181,319.34,0.25393,0.95701
1.8836,320.26,0.17092,0.95701
1.6918,320.9,0.1176,0.95701
1.5508,321.4,0.077928,0.957
1.4587,321.74,0.0521,0.957
1.3957,321.98,0.034383,0.957
1.3531,322.15,0.022413,0.957
1.3265,322.25,0.015036,0.957
1.3051,322.34,0.008932,0.95699
1.2951,322.38,0.0062468,0.95699
1.2845,322.42,0.0032124,0.95699
1.2762,322.46,0.0007925,0.95699
1.2753,322.46,0.00064007,0.95699
1.2744,322.46,0.00046332,0.95698
1.2705,322.48,-0.00071881,0.95698
1.2714,322.48,-0.00040241,0.95698
1.2695,322.48,-0.00096746,0.95698
1.2689,322.49,-0.0011419,0.95698
1.2484,322.57,-0.0076097,0.95697
1.2523,322.55,-0.0063841,0.95697
1.2688,322.49,-0.0011235,0.95697
1.2674,322.49,-0.0015647,0.95697
1.2453,322.58,-0.0085758,0.95697
1.2543,322.55,-0.0057423,0.95696
1.2677,322.49,-0.0014558,0.95696
1.2683,322.49,-0.0012867,0.95696
1.2688,322.49,-0.0011066,0.95696
1.267,322.49,-0.0016788,0.95696
1.2694,322.48,-0.00092311,0.95695
1.2667,322.5,-0.0017872,0.95695
1.2655,322.5,-0.0021714,0.95695
1.2667,322.5,-0.0017871,0.95695
1.2693,322.49,-0.0009617,0.95695
1.2673,322.49,-0.0015951,0.95694
1.2645,322.5,-0.0024746,0.95694
1.2676,322.49,-0.0015095,0.95694
1.2692,322.49,-0.00099691,0.95694
1.2669,322.49,-0.0017142,0.95694
1.2691,322.49,-0.0010302,0.95693
1.2677,322.49,-0.0014607,0.95693
1.2679,322.49,-0.0013936,0.95693
1.2483,322.57,-0.0076412,0.95693
1.2513,322.56,-0.0066634,0.95693
1.2686,322.49,-0.0011715,0.95692
1.267,322.49,-0.0016871,0.95692
1.2446,322.59,-0.0087925,0.95692
1.2547,322.54,-0.0056105,0.95692
1.2675,322.49,-0.0015418,0.95692
1.2684,322.49,-0.0012318,0.95691
1.2686,322.49,-0.0011755,0.95691
1.2672,322.49,-0.0016328,0.95691
1.2694,322.48,-0.00093035,0.95691
1.2665,322.5,-0.0018358,0.95691
1.2657,322.5,-0.0020933,0.9569
1.2665,322.5,-0.0018599,0.9569
29.168,296.05,8.2068,0.9569
39.309,292.27,10.925,0.95687
42.92,291.07,11.814,0.95682
46.492,289.94,12.709,0.95678
48.807,289.23,13.275,0.95673
49.996,288.88,13.55,0.95668
50.613,288.7,13.684,0.95663
52.469,288.16,14.159,0.95658
54.437,287.59,14.663,0.95653
55.987,287.16,15.056,0.95648
54.454,287.59,14.63,0.95643
52.984,288.01,14.231,0.95638
52.395,288.18,14.076,0.95633
52.624,288.11,14.14,0.95627
55.312,287.35,14.859,0.95622
54.986,287.44,14.764,0.95617
18.1,301.43,4.5884,0.95615
12.567,305.14,3.0981,0.95613
8.8486,308.43,2.0891,0.95612
6.3188,311.39,1.3971,0.95611
4.638,313.92,0.9348,0.95611
3.5145,316.05,0.62412,0.9561
2.7723,317.75,0.41823,0.9561
2.264,319.1,0.27637,0.95609
1.9358,320.09,0.18495,0.95609
1.7026,320.86,0.11941,0.95609
1.5604,321.37,0.079914,0.95609
1.4754,321.68,0.05666,0.95608
1.406,321.94,0.037186,0.95608
1.3621,322.11,0.024955,0.95608
1.3297,322.24,0.015813,0.95608
1.3105,322.32,0.010521,0.95607
1.2964,322.38,0.0065589,0.95607
1.2863,322.42,0.0037091,0.95607
1.282,322.43,0.0025629,0.95607
1.275,322.46,0.00051535,0.95607
33.314,294.42,9.3066,0.95605
42.355,291.25,11.706,0.95601
47.213,289.72,12.939,0.95596
12.203,305.42,3.0719,0.95594
8.541,308.75,2.0476,0.95593
6.0597,311.74,1.3501,0.95593
42.103,291.33,11.615,0.95589
44.903,290.44,12.3,0.95585
45.732,290.18,12.466,0.9558
46.921,289.81,12.749,0.95575
49.022,289.17,13.288,0.95571
50.67,288.68,13.707,0.95566
50.638,288.69,13.676,0.9556
50.307,288.79,13.572,0.95555
50.35,288.78,13.575,0.9555
50.469,288.74,13.601,0.95545
51.723,288.37,13.933,0.9554
53.696,287.8,14.454,0.95535
17.322,301.9,4.3908,0.95533
12.046,305.55,2.9637,0.95531
8.4617,308.84,1.9868,0.9553
6.0096,311.81,1.3126,0.95529
4.4829,314.19,0.89358,0.95529
3.4049,316.28,0.59452,0.95528
2.6987,317.93,0.39824,0.95528
2.2173,319.24,0.26371,0.95527
1.9011,320.2,0.17536,0.95527
36.357,293.3,10.106,0.95524
43.868,290.76,12.081,0.9552
44.386,290.6,12.146,0.95516
47.566,289.61,12.955,0.95511
53.147,287.96,14.411,0.95506
51.212,288.52,13.846,0.95501
16.216,302.58,4.1156,0.95499
11.323,306.14,2.782,0.95497
7.9841,309.36,1.8652,0.95496
5.742,312.19,1.2459,0.95495
4.2608,314.59,0.83524,0.95495
38.432,292.57,10.631,0.95491
42.546,291.19,11.686,0.95487
44.104,290.69,12.051,0.95483
46.456,289.95,12.645,0.95478
52.291,288.21,14.179,0.95473
15.496,303.05,3.9325,0.95471
10.799,306.59,2.6456,0.9547
7.6491,309.74,1.7777,0.95469
5.5407,312.49,1.1938,0.95468
38.158,292.66,10.535,0.95465
42.966,291.05,11.788,0.95461
44.857,290.45,12.247,0.95456
47.01,289.78,12.787,0.95452
48.023,289.47,13.026,0.95447
52.058,288.28,14.084,0.95442
16.036,302.7,4.0688,0.95439
11.169,306.27,2.7403,0.95438
7.8884,309.46,1.8395,0.95437
5.7069,312.24,1.2374,0.95436
4.2398,314.63,0.83032,0.95436
3.256,316.61,0.55605,0.95435
2.6003,318.18,0.37267,0.95435
2.157,319.42,0.24826,0.95434
1.8662,320.32,0.1667,0.95434
1.6681,320.98,0.11097,0.95434
1.5375,321.45,0.074272,0.95434
1.4473,321.79,0.048864,0.95433
1.3895,322.01,0.032693,0.95433
1.349,322.17,0.021291,0.95433
1.3221,322.27,0.013745,0.95433
1.3055,322.34,0.0091534,0.95433
1.2911,322.4,0.0050349,0.95432
1.2858,322.42,0.0036406,0.95432
1.278,322.45,0.0013732,0.95432
1.2724,322.47,-0.00027616,0.95432
1.2721,322.47,-0.00025774,0.95432
1.2726,322.47,-4.5755e-05,0.95431
1.2693,322.48,-0.0010395,0.95431
1.2702,322.48,-0.00074462,0.95431
1.2694,322.48,-0.0009642,0.95431
35.545,293.59,9.8978,0.95428
43.832,290.77,12.088,0.95424
44.562,290.54,12.205,0.9542
12.208,305.42,3.0713,0.95418
8.5652,308.73,2.0536,0.95417
6.1593,311.6,1.3795,0.95416
4.5387,314.09,0.92358,0.95415
3.4421,316.2,0.61376,0.95415
2.7312,317.85,0.413,0.95414
2.2475,319.15,0.27599,0.95414
1.917,320.15,0.18206,0.95414
37.637,292.84,10.456,0.95411
39.325,292.26,10.835,0.95407
42.701,291.14,11.697,0.95403
44.935,290.42,12.254,0.95398
46.267,290.01,12.577,0.95394
48.352,289.37,13.112,0.95389
52.269,288.21,14.145,0.95384
53.177,287.95,14.36,0.95379
51.788,288.35,13.965,0.95374
52.123,288.26,14.044,0.95369
52.612,288.11,14.168,0.95364
53.453,287.87,14.386,0.95358
53.863,287.76,14.488,0.95353
51.048,288.57,13.727,0.95348
50.864,288.62,13.682,0.95343
50.855,288.63,13.684,0.95338
50.749,288.66,13.658,0.95333
50.626,288.69,13.627,0.95328
50.561,288.71,13.611,0.95323
50.467,288.74,13.588,0.95318
50.412,288.76,13.574,0.95313
50.383,288.77,13.567,0.95308
50.484,288.74,13.594,0.95303
50.689,288.68,13.649,0.95298
50.614,288.7,13.628,0.95293
50.489,288.73,13.594,0.95288
50.497,288.73,13.597,0.95283
50.52,288.73,13.603,0.95278
50.524,288.72,13.605,0.95273
50.616,288.7,13.629,0.95267
50.893,288.62,13.703,0.95262
51.288,288.5,13.808,0.95257
52.491,288.15,14.128,0.95252
55.735,287.23,14.988,0.95247
56.373,287.05,15.142,0.95242
56.851,286.92,15.257,0.95237
57.118,286.84,15.318,0.95232
57.331,286.78,15.368,0.95227
57.456,286.75,15.395,0.95222
57.547,286.72,15.416,0.95217
57.609,286.71,15.429,0.95212
57.617,286.7,15.429,0.95207
56.394,287.04,15.103,0.95202
57.421,286.76,15.379,0.95197
56.237,287.09,15.064,0.95192
53.533,287.85,14.347,0.95187
52.472,288.16,14.075,0.95182
51.562,288.42,13.843,0.95177
51.26,288.51,13.773,0.95171
50.995,288.59,13.71,0.95166
51.411,288.46,13.828,0.95161
52.533,288.14,14.13,0.95156
53.523,287.85,14.392,0.95151
53.755,287.79,14.449,0.95146
53.875,287.75,14.477,0.95141
53.972,287.73,14.5,0.95136
55.055,287.42,14.786,0.95131
55.282,287.35,14.841,0.95126
55.412,287.32,14.872,0.95121
56.741,286.95,15.222,0.95116
55.738,287.23,14.948,0.95111
55.738,287.23,14.947,0.95106
55.719,287.23,14.942,0.95101
56.975,286.88,15.275,0.95096
57.202,286.82,15.331,0.95091
57.344,286.78,15.365,0.95086
57.465,286.75,15.394,0.9508
57.55,286.72,15.414,0.95075
56.142,287.11,15.038,0.9507
55.839,287.2,14.961,0.95065
54.599,287.55,14.635,0.9506
56.46,287.03,15.137,0.95055
56.525,287.01,15.152,0.9505
57.61,286.71,15.438,0.95045
56.681,286.96,15.186,0.9504
57.866,286.64,15.501,0.95035
56.703,286.96,15.188,0.9503
56.555,287,15.15,0.95025
57.751,286.67,15.469,0.9502
56.764,286.94,15.204,0.95015
57.761,286.67,15.47,0.9501
56.814,286.93,15.216,0.95005
56.371,287.05,15.099,0.95
56.208,287.1,15.059,0.94995
53.27,287.93,14.279,0.9499
18.279,301.33,4.6283,0.94987
12.686,305.04,3.125,0.94985
8.9264,308.35,2.1072,0.94984
6.4027,311.28,1.4191,0.94983
4.7093,313.8,0.95436,0.94983
3.5729,315.92,0.64066,0.94982
2.8108,317.65,0.42925,0.94982
2.3026,318.99,0.28781,0.94981
1.9588,320.02,0.19177,0.94981
1.7329,320.76,0.12869,0.94981
1.5799,321.3,0.085892,0.94981
1.4779,321.67,0.057343,0.9498
1.4073,321.94,0.037529,0.9498
1.3634,322.11,0.025329,0.9498
1.3299,322.24,0.015864,0.9498
1.3078,322.33,0.0096327,0.9498
1.2952,322.38,0.0061518,0.94979
1.2883,322.41,0.0043353,0.94979
1.2802,322.44,0.0020043,0.94979
1.2767,322.45,0.0010532,0.94979
1.255,322.54,-0.0057162,0.94979
1.2543,322.55,-0.0058755,0.94978
1.2522,322.55,-0.0064878,0.94978
1.2519,322.56,-0.0065424,0.94978
36.332,293.3,10.114,0.94975
42.63,291.16,11.754,0.94971
48.265,289.4,13.206,0.94966
51.128,288.55,13.908,0.94961
52.702,288.09,14.275,0.94956
54.088,287.69,14.606,0.94951
53.068,287.98,14.303,0.94946
51.932,288.31,13.983,0.94941
17.191,301.98,4.3591,0.94939
11.952,305.62,2.9402,0.94937
8.4516,308.85,1.9866,0.94936
6.0711,311.72,1.3331,0.94935
4.4917,314.18,0.89748,0.94935
37.171,293.01,10.279,0.94931
42.894,291.08,11.782,0.94927
47.005,289.78,12.837,0.94923
49.43,289.05,13.438,0.94918
52.06,288.27,14.101,0.94913
53.409,287.89,14.425,0.94908
52.482,288.15,14.149,0.94903
53.721,287.8,14.466,0.94898
53.202,287.95,14.313,0.94893
53.286,287.92,14.329,0.94888
51.991,288.29,13.978,0.94883
51.813,288.35,13.932,0.94878
17.34,301.88,4.3907,0.94875
11.945,305.63,2.9306,0.94874
8.4695,308.83,1.9873,0.94872
6.1144,311.67,1.3433,0.94872
4.5154,314.13,0.90283,0.94871
3.4329,316.22,0.60271,0.9487
2.7258,317.86,0.40639,0.9487
2.2456,319.16,0.27239,0.9487
1.9169,320.15,0.18021,0.9487
35.288,293.68,9.8106,0.94867
41.641,291.48,11.479,0.94863
46.158,290.04,12.636,0.94858
49.837,288.93,13.568,0.94853
50.949,288.6,13.815,0.94848
52.237,288.22,14.123,0.94843
53.144,287.96,14.338,0.94838
54.794,287.49,14.757,0.94833
53.503,287.86,14.393,0.94828
53.645,287.82,14.423,0.94823
52.948,288.02,14.232,0.94818
52.854,288.05,14.206,0.94813
52.128,288.25,14.011,0.94808
52.641,288.11,14.151,0.94803
51.931,288.31,13.961,0.94798
51.792,288.35,13.926,0.94793
22.549,299.04,5.7898,0.94788
15.557,303.01,3.9103,0.94786
10.851,306.54,2.6364,0.94785
7.6903,309.69,1.7751,0.94784
5.5725,312.44,1.1942,0.94783
4.1514,314.79,0.80212,0.94782
3.1982,316.74,0.53778,0.94782
37.862,292.76,10.494,0.94779
44.145,290.67,12.136,0.94775
44.597,290.53,12.189,0.9477
45.42,290.27,12.365,0.94766
46.616,289.9,12.657,0.94761
47.388,289.66,12.841,0.94756
47.971,289.49,12.979,0.94751
51.198,288.53,13.833,0.94746
54.221,287.65,14.622,0.94741
52.997,288,14.271,0.94736
53.281,287.92,14.336,0.94731
53.423,287.88,14.366,0.94726
53.564,287.84,14.399,0.94721
52.785,288.07,14.186,0.94716
17.63,301.71,4.4672,0.94714
12.251,305.38,3.0154,0.94712
8.6158,308.68,2.0269,0.94711
40.542,291.85,11.128,0.94707
44.164,290.67,12.068,0.94703
47.38,289.67,12.896,0.94698
49.219,289.11,13.353,0.94693
51.334,288.49,13.889,0.94688
52.41,288.17,14.15,0.94683
53.183,287.95,14.335,0.94678
53.583,287.84,14.425,0.94673
53.811,287.77,14.474,0.94668
54.97,287.44,14.775,0.94663
54.802,287.49,14.72,0.94658
53.957,287.73,14.49,0.94653
52.285,288.21,14.042,0.94648
17.697,301.67,4.4817,0.94646
12.285,305.36,3.0222,0.94644
8.5636,308.73,2.0092,0.94643
6.2002,311.55,1.365,0.94642
4.5505,314.07,0.91066,0.94641
3.462,316.16,0.60974,0.94641
2.7381,317.83,0.40887,0.9464
2.2368,319.18,0.26873,0.9464
1.9226,320.14,0.18139,0.9464
1.7174,320.81,0.12449,0.9464
1.5685,321.34,0.08274,0.94639
1.4701,321.7,0.055179,0.94639
1.4038,321.95,0.03662,0.94639
1.3582,322.13,0.023812,0.94639
36.431,293.27,10.139,0.94636
39.403,292.23,10.871,0.94632
46.422,289.96,12.717,0.94627
45.51,290.24,12.405,0.94623
13.615,304.35,3.4422,0.94621
9.534,307.75,2.3122,0.9462
6.7837,310.78,1.5468,0.94619
4.9671,313.38,1.0396,0.94618
3.7416,315.58,0.69593,0.94618
2.9213,317.38,0.46508,0.94617
2.3744,318.79,0.31086,0.94617
2.0071,319.87,0.2071,0.94617
1.7634,320.66,0.13829,0.94616
1.5979,321.23,0.091478,0.94616
1.4898,321.63,0.061012,0.94616
1.4181,321.9,0.040846,0.94616
1.3683,322.09,0.026774,0.94615
1.3346,322.22,0.01727,0.94615
1.292,322.39,0.0045561,0.94615
35.564,293.58,9.9016,0.94612
38.412,292.57,10.601,0.94608
43.325,290.94,11.88,0.94604
45.358,290.29,12.376,0.946
46.485,289.94,12.639,0.94595
51.058,288.57,13.838,0.9459
47.456,289.64,12.834,0.94585
47.728,289.56,12.898,0.9458
47.932,289.5,12.947,0.94576
47.603,289.6,12.852,0.94571
50.076,288.86,13.515,0.94566
50.748,288.66,13.686,0.94561
16.489,302.41,4.1742,0.94558
11.419,306.06,2.7968,0.94557
8.105,309.22,1.8928,0.94556
5.8573,312.03,1.2754,0.94555
4.3408,314.44,0.85618,0.94554
3.3248,316.45,0.57396,0.94554
2.6458,318.07,0.38462,0.94554
2.1891,319.32,0.25681,0.94553
1.8863,320.25,0.172,0.94553
1.6797,320.94,0.11396,0.94553
1.5456,321.42,0.076402,0.94553
1.455,321.76,0.051037,0.94552
1.3932,321.99,0.033659,0.94552
1.3517,322.15,0.022029,0.94552
1.3252,322.26,0.014656,0.94552
1.3048,322.34,0.0088571,0.94552
1.2945,322.38,0.006072,0.94551
1.2843,322.42,0.0031538,0.94551
1.2798,322.44,0.0019218,0.94551
1.2764,322.46,0.000987,0.94551
33.462,294.36,9.3202,0.94548
40.263,291.94,11.115,0.94544
41.078,291.67,11.266,0.9454
42.885,291.08,11.71,0.94536
45.867,290.13,12.482,0.94531
47.151,289.74,12.797,0.94527
14.707,303.58,3.7206,0.94524
10.299,307.04,2.511,0.94523
7.3224,310.12,1.6893,0.94522
5.288,312.87,1.1239,0.94521
3.9469,315.18,0.74985,0.94521
38.01,292.71,10.523,0.94518
38.928,292.4,10.703,0.94514
43.392,290.92,11.872,0.9451
44.848,290.45,12.221,0.94505
13.397,304.51,3.3778,0.94503
9.416,307.87,2.2774,0.94502
6.7273,310.85,1.5304,0.94501
4.8915,313.5,1.0171,0.94501
3.6784,315.71,0.6769,0.945
2.8807,317.48,0.45284,0.945
2.3306,318.91,0.29747,0.94499
1.9853,319.94,0.20047,0.94499
1.7589,320.67,0.13703,0.94499
1.5961,321.24,0.091008,0.94498
1.4882,321.63,0.060587,0.94498
1.4162,321.9,0.040276,0.94498
1.3661,322.1,0.026112,0.94498
1.3356,322.22,0.017621,0.94498
1.3113,322.32,0.010696,0.94497
1.2987,322.37,0.0072548,0.94497
1.2881,322.41,0.0042411,0.94497
1.2809,322.44,0.0022056,0.94497
1.2566,322.54,-0.0053521,0.94497
1.2579,322.53,-0.0048114,0.94496
1.2726,322.47,-8.6528e-05,0.94496
1.27,322.48,-0.00085805,0.94496
1.247,322.58,-0.0081042,0.94496
1.2554,322.54,-0.0054349,0.94496
1.2685,322.49,-0.0012417,0.94495
1.2688,322.49,-0.001148,0.94495
1.2692,322.49,-0.0010095,0.94495
1.2673,322.49,-0.0016164,0.94495
1.2696,322.48,-0.00088075,0.94495
1.2668,322.5,-0.0017555,0.94494
1.2655,322.5,-0.0021565,0.94494
1.2668,322.5,-0.0017701,0.94494
1.2693,322.48,-0.00095286,0.94494
1.2673,322.49,-0.0015914,0.94494
1.2646,322.5,-0.0024661,0.94493
1.2676,322.49,-0.001511,0.94493
1.2692,322.49,-0.0009939,0.94493
1.2669,322.49,-0.0017117,0.94493
1.2691,322.49,-0.0010331,0.94493
1.2678,322.49,-0.0014524,0.94492
1.2679,322.49,-0.0014001,0.94492
1.2482,322.57,-0.0076619,0.94492
1.2514,322.56,-0.0066448,0.94492
1.2686,322.49,-0.0011764,0.94492
1.267,322.49,-0.0016793,0.94492
1.2447,322.59,-0.0087698,0.94491
1.2546,322.55,-0.0056307,0.94491
1.2675,322.49,-0.0015329,0.94491
1.2684,322.49,-0.0012402,0.94491
1.2686,322.49,-0.0011673,0.94491
1.2672,322.49,-0.0016394,0.9449
1.2694,322.48,-0.00092955,0.9449
1.2666,322.5,-0.0018305,0.9449
1.2657,322.5,-0.0021029,0.9449
1.2665,322.5,-0.0018515,0.9449
1.2693,322.49,-0.0009677,0.94489
1.2674,322.49,-0.0015589,0.94489
1.2643,322.51,-0.0025502,0.94489
28.633,296.28,8.0262,0.94488
36.107,293.39,10.024,0.94485
43.071,291.02,11.86,0.94481
44.405,290.59,12.147,0.94476
44.798,290.47,12.202,0.94472
45.551,290.23,12.372,0.94467
46.064,290.07,12.487,0.94463
46.463,289.95,12.578,0.94458
47.05,289.77,12.725,0.94453
47.581,289.61,12.859,0.94448
48.64,289.28,13.137,0.94443
50.237,288.81,13.558,0.94438
52.816,288.06,14.238,0.94433
51.346,288.48,13.829,0.94428
51.587,288.41,13.89,0.94423
50.647,288.69,13.634,0.94418
51.225,288.52,13.79,0.94413
50.761,288.65,13.664,0.94408
50.242,288.81,13.525,0.94403
50.174,288.83,13.509,0.94398
50.762,288.65,13.669,0.94393
51.521,288.43,13.872,0.94388
53.31,287.91,14.348,0.94383
50.867,288.62,13.684,0.94378
48.814,289.23,13.135,0.94373
47.732,289.56,12.853,0.94368
47.536,289.62,12.81,0.94363
47.376,289.67,12.774,0.94358
47.169,289.73,12.723,0.94354
47.072,289.76,12.701,0.94349
47.545,289.62,12.831,0.94344
49.424,289.05,13.337,0.94339
50.281,288.8,13.561,0.94334
52.826,288.05,14.236,0.94329
52.409,288.17,14.111,0.94324
49.746,288.95,13.39,0.94319
16.851,302.18,4.2648,0.94316
11.714,305.82,2.8739,0.94315
8.245,309.07,1.9279,0.94314
5.8759,312,1.2764,0.94313
4.3894,314.36,0.86798,0.94312
3.3382,316.42,0.576,0.94312
2.6549,318.04,0.38605,0.94312
2.1896,319.32,0.25603,0.94311
1.8804,320.27,0.16955,0.94311
1.671,320.97,0.11081,0.94311
34.088,294.12,9.4841,0.94308
40.206,291.96,11.093,0.94304
40.26,291.94,11.04,0.943
42.245,291.29,11.538,0.94296
44.39,290.6,12.087,0.94292
47.73,289.56,12.964,0.94287
52.446,288.16,14.207,0.94282
61.119,285.75,16.481,0.94277
65.244,284.67,17.513,0.94272
65.068,284.71,17.417,0.94267
57.212,286.82,15.313,0.94262
51.575,288.42,13.814,0.94257
49.855,288.92,13.374,0.94252
49.585,289,13.322,0.94246
50.049,288.86,13.461,0.94241
49.194,289.12,13.239,0.94236
48.892,289.21,13.165,0.94231
48.005,289.48,12.932,0.94227
47.759,289.55,12.872,0.94222
47.527,289.62,12.815,0.94217
47.46,289.64,12.801,0.94212
47.377,289.67,12.782,0.94207
47.407,289.66,12.792,0.94203
47.65,289.58,12.859,0.94198
47.987,289.48,12.95,0.94193
49.355,289.07,13.318,0.94188
50.721,288.67,13.68,0.94183
51.737,288.37,13.945,0.94178
52.712,288.09,14.198,0.94173
54.236,287.65,14.598,0.94168
58.614,286.43,15.751,0.94163
61.335,285.7,16.448,0.94158
64.171,284.95,17.169,0.94153
69.528,283.57,18.541,0.94147
67.67,284.04,18.018,0.94142
67.171,284.17,17.87,0.94137
66.255,284.41,17.622,0.94132
64.949,284.74,17.278,0.94127
63.339,285.16,16.859,0.94122
61.469,285.66,16.376,0.94117
56.442,287.03,15.057,0.94112
54.164,287.67,14.476,0.94107
52.522,288.14,14.062,0.94102
51.191,288.53,13.727,0.94097
50.539,288.72,13.571,0.94092
50.469,288.74,13.566,0.94087
50.329,288.78,13.538,0.94082
51.716,288.37,13.917,0.94077
51.003,288.58,13.724,0.94072
53.354,287.9,14.356,0.94067
55.52,287.29,14.926,0.94062
54.412,287.6,14.617,0.94057
53.001,288,14.236,0.94051
51.705,288.38,13.891,0.94046
20.95,299.86,5.3573,0.94042
48.75,289.25,13.163,0.94038
51.679,288.39,13.944,0.94033
53.887,287.75,14.52,0.94028
52.821,288.05,14.218,0.94023
53.192,287.95,14.31,0.94018
51.423,288.46,13.83,0.94013
51.277,288.5,13.793,0.94007
53.419,287.88,14.369,0.94002
53.794,287.78,14.463,0.93997
53.118,287.97,14.276,0.93992
51.897,288.32,13.948,0.93987
17.454,301.82,4.4192,0.93985
12.131,305.48,2.9825,0.93983
8.5583,308.74,2.0116,0.93982
39.261,292.28,10.778,0.93979
44.323,290.62,12.116,0.93974
47.995,289.48,13.064,0.9397
49.38,289.06,13.396,0.93965
50.74,288.66,13.729,0.9396
49.697,288.97,13.424,0.93955
50.033,288.87,13.502,0.9395
49.178,289.12,13.262,0.93945
49.612,288.99,13.377,0.9394
48.971,289.19,13.201,0.93935
48.893,289.21,13.18,0.9393
49.029,289.17,13.218,0.93925
49.172,289.13,13.256,0.9392
49.76,288.95,13.414,0.93915
50.874,288.62,13.711,0.9391
52.113,288.26,14.038,0.93905
53.954,287.73,14.523,0.939
52.892,288.03,14.228,0.93895
52.592,288.12,14.144,0.9389
51.67,288.39,13.895,0.93884
50.974,288.59,13.711,0.93879
50.179,288.83,13.501,0.93874
50.352,288.77,13.553,0.93869
52.617,288.11,14.163,0.93864
17.108,302.03,4.3313,0.93862
11.881,305.68,2.9176,0.9386
8.298,309.01,1.9397,0.93859
6.0152,311.8,1.3159,0.93858
4.4291,314.29,0.87821,0.93858
3.3762,316.34,0.58645,0.93857
2.6789,317.98,0.39262,0.93857
38.986,292.38,10.813,0.93854
41.985,291.37,11.551,0.9385
44.48,290.57,12.166,0.93845
47.581,289.61,12.956,0.93841
51.718,288.37,14.027,0.93836
53.02,288,14.333,0.93831
52.597,288.12,14.188,0.93826
54.257,287.64,14.613,0.9382
54.334,287.62,14.616,0.93815
51.796,288.35,13.927,0.9381
50.435,288.75,13.564,0.93805
50.262,288.8,13.524,0.938
50.669,288.68,13.638,0.93795
51.12,288.55,13.761,0.9379
52.535,288.14,14.14,0.93785
54.221,287.65,14.586,0.9378
55.293,287.35,14.863,0.93775
56.718,286.95,15.233,0.9377
55.083,287.41,14.786,0.93765
54.602,287.55,14.656,0.9376
54.074,287.7,14.516,0.93755
52.961,288.01,14.22,0.9375
52.928,288.02,14.217,0.93745
53.079,287.98,14.261,0.9374
53.16,287.96,14.284,0.93735
53.395,287.89,14.348,0.93729
53.736,287.79,14.439,0.93724
54.005,287.72,14.509,0.93719
53.6,287.83,14.399,0.93714
54.651,287.53,14.68,0.93709
54.227,287.65,14.563,0.93704
53.756,287.79,14.436,0.93699
53.915,287.74,14.48,0.93694
52.965,288.01,14.226,0.93689
52.925,288.02,14.219,0.93684
52.568,288.13,14.125,0.93679
52.57,288.13,14.129,0.93674
52.332,288.2,14.067,0.93669
52.132,288.25,14.016,0.93664
52.02,288.29,13.988,0.93659
52.016,288.29,13.988,0.93654
51.957,288.3,13.973,0.93649
51.879,288.33,13.953,0.93644
51.803,288.35,13.933,0.93638
51.725,288.37,13.914,0.93633
51.712,288.38,13.911,0.93628
51.735,288.37,13.917,0.93623
51.793,288.35,13.933,0.93618
51.775,288.36,13.928,0.93613
51.901,288.32,13.962,0.93608
52.278,288.21,14.063,0.93603
52.943,288.02,14.239,0.93598
53.197,287.95,14.303,0.93593
53.465,287.87,14.372,0.93588
53.617,287.83,14.41,0.93583
53.079,287.98,14.264,0.93578
53.131,287.97,14.278,0.93573
52.922,288.03,14.222,0.93568
52.994,288,14.242,0.93563
52.934,288.02,14.226,0.93558
52.972,288.01,14.237,0.93553
53.056,287.99,14.259,0.93548
53.055,287.99,14.259,0.93542
53.111,287.97,14.274,0.93537
53.208,287.94,14.299,0.93532
53.115,287.97,14.274,0.93527
52.982,288.01,14.239,0.93522
52.886,288.04,14.213,0.93517
52.89,288.03,14.215,0.93512
52.909,288.03,14.22,0.93507
52.833,288.05,14.2,0.93502
52.85,288.05,14.205,0.93497
52.873,288.04,14.211,0.93492
52.883,288.04,14.214,0.93487
52.997,288,14.244,0.93482
53.036,287.99,14.254,0.93477
53.073,287.98,14.264,0.93472
53.301,287.92,14.324,0.93467
53.397,287.89,14.348,0.93462
53.705,287.8,14.43,0.93457
54.146,287.68,14.546,0.93451
54.277,287.64,14.578,0.93446
54.859,287.47,14.731,0.93441
55.116,287.4,14.796,0.93436
55.987,287.16,15.025,0.93431
56.368,287.05,15.121,0.93426
57.675,286.69,15.464,0.93421
57.239,286.81,15.34,0.93416
56.725,286.95,15.2,0.93411
55.762,287.22,14.944,0.93406
55.373,287.33,14.843,0.93401
54.814,287.49,14.698,0.93396
54.651,287.53,14.659,0.93391
59.395,286.22,15.922,0.93386
18.919,300.96,4.7997,0.93383
13.116,304.72,3.2411,0.93381
9.2162,308.06,2.1859,0.9338
6.5979,311.02,1.4726,0.93379
4.8339,313.59,0.9885,0.93379
3.6603,315.74,0.66487,0.93378
2.8687,317.51,0.44534,0.93378
2.3423,318.88,0.2989,0.93377
1.9843,319.94,0.19888,0.93377
1.7512,320.7,0.13382,0.93377
1.5914,321.25,0.089096,0.93377
1.4855,321.64,0.059478,0.93376
1.4137,321.91,0.039348,0.93376
1.3658,322.1,0.025937,0.93376
1.3342,322.22,0.017128,0.93376
1.3116,322.31,0.01076,0.93376
1.2984,322.37,0.0071448,0.93375
1.2874,322.41,0.0040281,0.93375
1.2818,322.43,0.0024865,0.93375
1.2774,322.45,0.0012577,0.93375
1.2735,322.47,0.00014605,0.93375
1.2732,322.47,0.0001201,0.93374
1.2696,322.48,-0.00096372,0.93374
1.2709,322.48,-0.0005335,0.93374
1.269,322.49,-0.0011118,0.93374
1.2687,322.49,-0.001178,0.93374
1.2487,322.57,-0.0075203,0.93373
1.2518,322.56,-0.0065358,0.93373
1.2689,322.49,-0.0011099,0.93373
1.2672,322.49,-0.0016303,0.93373
1.2448,322.59,-0.0087314,0.93373
1.2546,322.54,-0.005617,0.93372
1.2676,322.49,-0.0015159,0.93372
1.2684,322.49,-0.0012338,0.93372
1.2687,322.49,-0.0011583,0.93372
1.2672,322.49,-0.0016374,0.93372
1.2694,322.48,-0.00092649,0.93371
1.2666,322.5,-0.0018266,0.93371
1.2657,322.5,-0.002105,0.93371
1.2665,322.5,-0.0018476,0.93371
1.2693,322.49,-0.00096676,0.93371
1.2674,322.49,-0.0015603,0.9337
1.2643,322.51,-0.0025462,0.9337
1.2678,322.49,-0.0014462,0.9337
1.2691,322.49,-0.0010195,0.9337
1.2669,322.49,-0.0017325,0.9337
1.2693,322.49,-0.00097595,0.93369
1.2673,322.49,-0.0015879,0.93369
1.2683,322.49,-0.0012879,0.93369
1.2492,322.57,-0.007345,0.93369
1.2505,322.56,-0.0069158,0.93369
1.2496,322.57,-0.0072209,0.93368
1.2502,322.56,-0.0070117,0.93368
1.2498,322.56,-0.0071584,0.93368
1.2501,322.56,-0.0070569,0.93368
1.2499,322.56,-0.0071277,0.93368
1.25,322.56,-0.0070784,0.93368
1.2499,322.56,-0.0071127,0.93367
1.25,322.56,-0.0070888,0.93367
1.2499,322.56,-0.0071054,0.93367
1.25,322.56,-0.0070938,0.93367
1.25,322.56,-0.0071019,0.93367
1.25,322.56,-0.0070962,0.93366
1.25,322.56,-0.0071001,0.93366
1.25,322.56,-0.0070974,0.93366
1.25,322.56,-0.0070993,0.93366
1.25,322.56,-0.007098,0.93366
1.25,322.56,-0.0070989,0.93365
1.25,322.56,-0.0070983,0.93365
1.25,322.56,-0.0070987,0.93365
1.25,322.56,-0.0070984,0.93365
1.25,322.56,-0.0070986,0.93365
1.25,322.56,-0.0070985,0.93364
